id,titulo,empresa,link,data_coleta
7bf3abc6,Banco de Talentos – Operador(a) Mistura e Ensaque II - Candeias/BA - Exclusiva para Pessoas com Deficiência (PCD),MOSAIC,https://mosaic.wd5.myworkdayjobs.com/pt-BR/mosaic/job/BR---Candeias-BA/Banco-de-Talentos---Operador-a--Mistura-e-Ensaque-II---Candeias-BA---Exclusiva-para-Pessoas-com-Deficincia--PCD-_60155?q=Candeias,
a7de1a24,Banco de Talento Afirmativo para LGBTI+,MOSAIC,https://mosaic.wd5.myworkdayjobs.com/pt-BR/mosaic/job/Banco-de-Talento-Afirmativo-para-LGBTI-_48707?q=Candeias,
a97de6ef,Banco de Talentos - Afirmativo para Mulheres (abrangência nacional),MOSAIC,https://mosaic.wd5.myworkdayjobs.com/pt-BR/mosaic/job/BR---Virtual---Brazil-Sales/Banco-de-Talentos---Afirmativo-para-Mulheres--abrangncia-nacional-_55939?q=Candeias,
29211332,Banco de Talentos Afirmativo para Profissionais com Deficiência - PCD,MOSAIC,https://mosaic.wd5.myworkdayjobs.com/pt-BR/mosaic/job/BR---Virtual---Brazil-Sales/Banco-de-Talentos-Exclusivo-para-Profissionais-com-Deficincia---PCD_35768?q=Candeias,
3828e729,BANCO DE TALENTOS - Pessoa com Deficiência,BRACELL,https://averis.wd3.myworkdayjobs.com/pt-BR/RGE/job/Camaari/BANCO-DE-TALENTOS---Pessoa-com-Deficincia_R189866?q=Cama%C3%A7ari,
1ea3b4c5,BANCO DE TALENTOS - Mulheres na Operação e Manutenção,BRACELL,https://averis.wd3.myworkdayjobs.com/pt-BR/RGE/job/Camaari/BANCO-DE-TALENTOS---Mulheres-na-Operao-e-Manuteno_R189870?q=Cama%C3%A7ari,
2f243f6c,BANCO DE TALENTOS - Pessoa com Deficiência,BRACELL,https://averis.wd3.myworkdayjobs.com/pt-BR/RGE/job/Alagoinhas/BANCO-DE-TALENTOS---Pessoa-com-Deficincia_R189869?q=Alagoinhas,
51d9ce5c,BANCO DE TALENTOS,BRACELL,https://averis.wd3.myworkdayjobs.com/pt-BR/RGE/job/Alagoinhas/Banco-de-Talentos_R178510?q=Alagoinhas,
acb223bc,Banco de talentos Pessoas Negras,BRASKEM,https://epiw.fa.la1.oraclecloud.com/hcmUI/CandidateExperience/pt-BR/sites/CX_1001/job/932/,2026-02-15T23:08:13.156716
346bfba8,Jovem aprendiz Recursos Humanos,BOMIX,https://bomix.pandape.infojobs.com.br/Detail/2598252,2026-03-23T20:56:17.842511
fbc93908,Estágio em Engenharia de Produção,BOMIX,https://bomix.pandape.infojobs.com.br/Detail/2889745,2026-03-23T20:56:17.842511
8e5fca9e,Analista Contábil,BOMIX,https://bomix.pandape.infojobs.com.br/Detail/2914304,2026-03-23T20:56:17.842511
c5e4f653,Estágio Técnico de Automação,BOMIX,https://bomix.pandape.infojobs.com.br/Detail/3022030,2026-03-23T20:56:17.842511
2cf5cd8b,Auxiliar Administrativo - Setor de transporte,BOMIX,https://bomix.pandape.infojobs.com.br/Detail/2592551,2026-03-23T20:56:17.842511
f23f254f,Assistente Financeiro,BOMIX,https://bomix.pandape.infojobs.com.br/Detail/3026693,2026-03-23T20:56:17.842511
d99e76a7,Analista Financeiro,BOMIX,https://bomix.pandape.infojobs.com.br/Detail/3045365,2026-03-23T20:56:17.842511
b600758d,Estágio em Engenharia,BOMIX,https://bomix.pandape.infojobs.com.br/Detail/2894839,2026-03-23T20:56:17.842511
cb75d48a,Assistente Financeiro,BOMIX,https://bomix.pandape.infojobs.com.br/Detail/2565119,2026-03-23T20:56:17.842511
7cf92a9e,Auxiliar Administrativo Comercial,BOMIX,https://bomix.pandape.infojobs.com.br/Detail/3121021,2026-03-23T20:56:17.842511
c7aba892,Projetista de Moldes Plásticos,BOMIX,https://bomix.pandape.infojobs.com.br/Detail/2764987,2026-03-23T20:56:17.842511
b0ad5809,Estágio em Engenharia de Produção,BOMIX,https://bomix.pandape.infojobs.com.br/Detail/3149460,2026-03-25T20:54:49.060901
9000e383,Jovem aprendiz,BOMIX,https://bomix.pandape.infojobs.com.br/Detail/3145616,2026-03-25T20:54:49.060901
bbca6c51,Banco de Talentos - MFX,MFX,https://mfx.inhire.app/vagas/049b0f53-f71d-464e-ada3-adcb99547164/banco-de-talentos-mfx,2026-04-03T15:32:12.157328
0b6f333b,Estagiário de Engenharia Elétrica,MFX,https://mfx.inhire.app/vagas/8da6c462-6376-46fe-9bd1-f0256ce2391b/estagiario-de-engenharia-eletrica,2026-04-03T15:32:12.157328
1f5c1544,SOLDADOR TÉCNICO,MFX,https://mfx.inhire.app/vagas/81b18891-6e03-4fd2-8729-ff46488e894a/soldador-tecnico,2026-04-03T15:32:12.157328
7edfe8f7,Assessor Administrativo,BOMIX,https://bomix.pandape.infojobs.com.br/Detail/3179347,2026-04-06T21:10:02.172768
05059131,Técnico de Automação Júnior,BOMIX,https://bomix.pandape.infojobs.com.br/Detail/3195743,2026-04-09T21:57:24.715257
ce1dedc5,Estagiário da Qualidade,MFX,https://mfx.inhire.app/vagas/5541cb09-f678-4e1c-b3ce-20fe159e2f99/estagiario-da-qualidade,2026-04-14T21:34:12.438426
4aefcf73,Analista de dados,ELETRODATA ENGENHARIA,https://e3engenharialtda.pandape.infojobs.com.br/Detail/3206147,2026-04-15T21:25:25.949823
56efd4d9,Auxiliar Administrativo – PCD,INTERMARÍTIMA,https://intermaritima.inhire.app/vagas/cd23356a-df6d-4486-b398-51221f06e4ea/auxiliar-administrativo-pcd,2026-04-15T21:25:25.949823
277f9849,Cadastro de Currículos – Banco de Talentos (Feira Empregabilidade),INTERMARÍTIMA,https://intermaritima.inhire.app/vagas/3a5a6b4a-8e33-412f-ab0c-49d6e47bf1db/cadastro-de-curriculos-banco-de-talentos-feira-empregabilidade,2026-04-15T21:25:25.949823
930b5fd0,"Coordenador(a) de  Segurança, Saúde e Meio Ambiente",INTERMARÍTIMA,https://intermaritima.inhire.app/vagas/68081b8a-e0a8-4e5a-879b-a78c5a1d236e/coordenador-a-de-seguranca-saude-e-meio-ambiente,2026-04-15T21:25:25.949823
cdf6ee54,Técnico Mecatrônico Pleno,BRIDGESTONE,https://bridgestone.wd5.myworkdayjobs.com/pt-BR/LATAMExternalCareers/job/Baha-Brazil/Tcnico-Mecatrnico-Pleno_2026_07162?q=Bahia,2026-04-16T21:25:46.462521
326861d2,Supervisor de Produção,BOMIX,https://bomix.pandape.infojobs.com.br/Detail/3066282,2026-04-18T21:15:10.449149
118c1dcd,Auxiliar Administrativo Jurídico,BOMIX,https://bomix.pandape.infojobs.com.br/Detail/2846516,2026-04-18T21:15:10.449149
5bceb5f8,Analista de Dados,BOMIX,https://bomix.pandape.infojobs.com.br/Detail/3229586,2026-04-22T21:33:55.195926
a870bf1e,Estagiário Técnico | Camaçari,TRESCAL,https://trescal.inhire.app/vagas/5518db9d-fd45-42b3-8fd1-98b85abd3952/estagiario-tecnico-camacari,2026-04-22T21:33:55.195926
4d817c52,Técnico de Medição | Petrobrás Albacora | Camaçari,TRESCAL,https://trescal.inhire.app/vagas/a6491473-4d21-467d-9e64-23dfa25a3e8f/tecnico-de-medicao-petrobras-albacora-camacari,2026-04-22T21:33:55.195926
53a028dd,ANALISTA DE PROJETOS DE ENGENHARIA,INTERMARÍTIMA,https://intermaritima.inhire.app/vagas/2218559b-9f0e-4284-97b2-c1a2f3ef65f7/analista-de-projetos-de-engenharia,2026-04-22T21:33:55.195926
ffa692fd,Técnico de Segurança do Trabalho,INTERMARÍTIMA,https://intermaritima.inhire.app/vagas/cc9145a1-33ea-4e11-aa7e-1174c3c66889/tecnico-de-seguranca-do-trabalho,2026-04-29T16:30:10.361750
381a1c59,Analista de SGI,BOMIX,https://bomix.pandape.infojobs.com.br/Detail/3260210,2026-04-30T20:48:37.220786
271eb60c,Analista da Qualidade,MFX,https://mfx.inhire.app/vagas/0c0a8140-68f7-463e-8814-9915ce43834f/analista-da-qualidade,2026-04-30T20:48:37.220786
41e74a3b,Inspetor da Qualidade,MFX,https://mfx.inhire.app/vagas/9f561dbb-9c15-4876-a64c-269a7b22edfb/inspetor-da-qualidade,2026-05-01T15:23:22.848550
5d05cda8,"Team Leader Shipping - BA
Nordeste,Brazil
Shipping
Publicado hace un día",MERCADO LIVRE,https://mercadolibre.eightfold.ai/careers/job/40915922,2026-05-05T22:15:30.309552
8b43c1b0,"Team Leader Shipping - BA
Nordeste,Brazil
Shipping
Publicado hace un día",MERCADO LIVRE,https://mercadolibre.eightfold.ai/careers/job/40915922,2026-05-05T22:15:30.309552
fd839297,Auxiliar de Produção PCD,BOMIX,https://bomix.pandape.infojobs.com.br/Detail/3272382,2026-05-06T16:33:52.253902
502436a0,Jovem aprendiz,BOMIX,https://bomix.pandape.infojobs.com.br/Detail/3273724,2026-05-06T20:59:29.642497
60c4b409,Auxiliar de Produção,BOMIX,https://bomix.pandape.infojobs.com.br/Detail/3276396,2026-05-07T16:37:58.165331
ffde1e71,"Supervisão de Transportes - Mercado Envios
Sudeste,Brazil
Shipping
Publicado hace 2 horas",MERCADO LIVRE,https://mercadolibre.eightfold.ai/careers/job/41834093,2026-05-08T15:51:29.179787
ff0c3c76,"Supervisão de Transportes - Mercado Envios
Sudeste,Brazil
Shipping
Publicado hace 2 horas",MERCADO LIVRE,https://mercadolibre.eightfold.ai/careers/job/41834093,2026-05-08T15:51:29.179787
5b8dcfd3,Analista de Produto Sênior - (Área - Body),ZEENTECH,https://zeentech.pandape.infojobs.com.br/Detail/2665283,2026-05-08T15:51:29.179787
c8753792,Analista de Produto PL/ SR - Body Interior,ZEENTECH,https://zeentech.pandape.infojobs.com.br/Detail/3271762,2026-05-08T15:51:29.179787
30a715a0,Modelador de Superfícies Classe A,ZEENTECH,https://zeentech.pandape.infojobs.com.br/Detail/2790837,2026-05-08T15:51:29.179787
0b3f9798,Analista de Produto Pl - Class A Surface,ZEENTECH,https://zeentech.pandape.infojobs.com.br/Detail/3162481,2026-05-08T15:51:29.179787
f2f10ccb,Analista de Produto Jr - Class A Surface,ZEENTECH,https://zeentech.pandape.infojobs.com.br/Detail/3162469,2026-05-08T15:51:29.179787
6ba52f6b,Assistente de Produção,BOMIX,https://bomix.pandape.infojobs.com.br/Detail/3282675,2026-05-08T20:45:37.214901
98cdec6e,Técnico de Planejamento,MFX,https://mfx.inhire.app/vagas/3983617a-30bb-4e61-ac12-9e2d91774e4f/tecnico-de-planejamento,2026-05-08T20:45:37.214901
56bd1b34,Projetista Body Interior - Camaçari/ BA,ZEENTECH,https://zeentech.pandape.infojobs.com.br/Detail/3289838,2026-05-12T16:50:58.317303
bf9d5d77,"Analyst, Vehicle Planning",FORD,https://efds.fa.em5.oraclecloud.com/hcmUI/CandidateExperience/en/sites/CX_1/job/62939/,2026-05-13T16:52:53.274029
fa1d2728,"COORDENADOR DE PCP
Identificação da vaga: REF96426F",CONTINENTAL,https://jobs.continental.com/pt/detail-page/job-detail/REF96426F-p-fb0ee9954432e88b5e372ea5cec73c8a/coordenador-de-pcp/,2026-05-14T21:06:00.456489
78ceacef,ANALISTA DE DILIGENCIAMENTO SÊNIOR - Salvador/BA,INFOTEC BRASIL,https://infotecbrasil.inhire.app/vagas/4ace99fc-c2ed-4d62-adb9-c2dc45b00e1d/analista-de-diligenciamento-senior-salvador-ba,2026-05-15T16:33:45.135753
94d610e8,"Supervisor de Operações Shipping - BA
Nordeste,Brazil + 2 more
Shipping
Publicado hace 41 minutos",MERCADO LIVRE,https://mercadolibre.eightfold.ai/careers/job/41916286,2026-05-15T20:53:55.217911
3cf543b4,"Supervisor de Operações Shipping - BA
Nordeste,Brazil + 2 more
Shipping
Publicado hace 41 minutos",MERCADO LIVRE,https://mercadolibre.eightfold.ai/careers/job/41916286,2026-05-15T20:53:55.217911
dcdee2d0,Analista Contábil,ELETRODATA ENGENHARIA,https://e3engenharialtda.pandape.infojobs.com.br/Detail/3307724,2026-05-16T15:24:18.469790
fcd0a14f,Assistente da Qualidade | Camaçari - BA,TRESCAL,https://trescal.inhire.app/vagas/1ff9e242-d849-4591-b234-ff87dc49d194/assistente-da-qualidade-camacari-ba,2026-05-16T20:40:29.145808
714f5db6,Analista de Melhoria Continua PL,BRACELL,https://averis.wd3.myworkdayjobs.com/pt-BR/RGE/job/Alagoinhas/Analista-de-Melhoria-Continua-PL_R198622?q=Alagoinhas,2026-05-18T17:21:34.791964
ce7c7572,Analista de Recursos Humanos SR,GOLDWIND,https://careers.goldwind.com/job/Camacari-Analista-de-Recursos-Humanos-SR/1394583133/,2026-05-18T17:21:34.791964
791af2c6,"Auxiliar Industrial ( Logística) - Salvador, BA",JDE PEET'S,https://careers-br.jdepeets.com/pt-BR/job-posting-detail/?id=744000127022079,2026-05-18T17:21:34.791964
38bbaea9,Estágio Comercial | Camaçari,TRESCAL,https://trescal.inhire.app/vagas/e8f03b90-7cbe-4075-a0b1-c95321fcf656/estagio-comercial-camacari,2026-05-18T21:01:43.019603
f8ea7682,Supplier Quality Engineer,GOLDWIND,https://careers.goldwind.com/job/Camacari-Supplier-Quality-Engineer/1395656133/,2026-05-20T17:23:28.969948
0cae0061,Lean Specialist I,GOLDWIND,https://careers.goldwind.com/job/Camacari-Lean-Specialist-I/1380993733/,2026-05-20T17:23:28.969948
77b8eed4,Analista de Cybersegurança Sênior,NEOENERGIA,https://iberdrola.wd3.myworkdayjobs.com/pt-BR/Iberdrola/job/Brasil-Salvador/Analista-de-Cybersegurana-Snior_R-28755?q=Salvador,2026-05-21T17:10:58.907699
457accda,Banco de Talentos,BOMIX,https://bomix.pandape.infojobs.com.br/Detail/2696151,2026-05-22T16:53:37.914787
d817aa47,Especialista em Gestão de Mudança Organizacional,BRASKEM,https://epiw.fa.la1.oraclecloud.com/hcmUI/CandidateExperience/pt-BR/sites/CX_1001/job/6719/,2026-05-22T21:22:31.976841
e1912f99,Banco de Talentos - Fábrica,JDE PEET'S,https://careers-br.jdepeets.com/pt-BR/job-posting-detail/?id=744000128216105,2026-05-25T16:53:37.923813
e93817b2,Estágio em Engenharia de Processos,INDORAMA VENTURES,https://ivlglobaliod.wd1.myworkdayjobs.com/pt-BR/Indovinya/job/BRA-Camaari-II/Estgio-em-Engenharia-de-Processos_JR101257?q=Cama%C3%A7ari,2026-05-25T21:01:49.279946
249a3ded,Auxiliar Administrativo Aprendiz,INDORAMA VENTURES,https://ivlglobaliod.wd1.myworkdayjobs.com/pt-BR/Indovinya/job/Camaari-BA/Auxiliar-Administrativo-Aprendiz_JR101242?q=Cama%C3%A7ari,2026-05-26T17:57:41.140071
01978115,Comprador Técnico,MFX,https://mfx.inhire.app/vagas/7867547d-d653-4fd4-b0c8-7eeba0161f84/comprador-tecnico,2026-05-26T17:57:41.140071
3d3b3d27,VENDEDOR,GRUPO PETRÓPOLIS,https://carreiras.grupopetropolis.com.br/job/ALAGOINHAS-VENDEDOR-BA/1333343562/,2026-05-26T21:32:42.045114
1592684e,Ajudante de Produção (Banco de Talentos),BRIDGESTONE,https://bridgestone.wd5.myworkdayjobs.com/pt-BR/LATAMExternalCareers/job/Baha-Brazil/Ajudante-de-Produo--Banco-de-Talentos-_2026_12364?q=Bahia,2026-05-27T21:42:54.011470
43ed8c15,Técnico Eletrônico II,KIMBERLY-CLARK,https://kimberlyclark.wd1.myworkdayjobs.com/pt-BR/GLOBAL/job/Brazil-Camacari/Tcnico-Eletrnico-II_885613?q=Cama%C3%A7ari,2026-05-27T21:42:54.011470
b7d2e025,Auditor de Processos Automotivos,ZEENTECH,https://zeentech.pandape.infojobs.com.br/Detail/3221097,2026-05-28T18:10:36.412206
56433fe4,VENDEDOR,GRUPO PETRÓPOLIS,https://carreiras.grupopetropolis.com.br/job/ALAGOINHAS-VENDEDOR-BA/1333343362/,2026-05-28T21:48:38.036534
eafeadf2,Estágio em Soluções de Serviço,BRASKEM,https://epiw.fa.la1.oraclecloud.com/hcmUI/CandidateExperience/pt-BR/sites/CX_1001/job/6686/,2026-05-28T21:48:38.036534
dcc29058,Supervisor(a) de Vendas B2B - Bahia,NEOENERGIA,https://iberdrola.wd3.myworkdayjobs.com/pt-BR/Iberdrola/job/Brasil-Salvador/Supervisor-a--de-Vendas-B2B---Bahia_R-28086?q=Salvador,2026-05-29T18:04:48.467766
204463c9,AUXILIAR MANUTENCAO PREDIAL,GRUPO PETRÓPOLIS,https://carreiras.grupopetropolis.com.br/job/ALAGOINHAS-AUXILIAR-MANUTENCAO-PREDIAL-BA/1333461262/,2026-05-29T21:48:00.722205
93c535da,GERENTE DE PROCESSO & PERFORMANCE OPERACIONAL,INTERMARÍTIMA,https://intermaritima.inhire.app/vagas/ab0570ab-5c44-469a-9773-b07efc798dab/gerente-de-processo-performance-operacional,2026-05-29T21:48:00.722205
6fac02f0,OPERADOR DE TEREX,INTERMARÍTIMA,https://intermaritima.inhire.app/vagas/0ef176fa-8fa3-4b56-a1bf-f6f04ced75b4/operador-de-terex,2026-06-01T19:54:08.188036
277cc15b,Analista de Controle e Gestão Sênior (Foco em gestão de projetos),NEOENERGIA,https://iberdrola.wd3.myworkdayjobs.com/pt-BR/Iberdrola/job/Brasil-Salvador/Analista-de-Controle-e-Gesto-Snior--Foco-em-gesto-de-projetos-_R-29545?q=Salvador,2026-06-01T22:38:08.438297
4af3060d,Analista de Gestão e Controle do Programa de Eficiência Energética Sênior,NEOENERGIA,https://iberdrola.wd3.myworkdayjobs.com/pt-BR/Iberdrola/job/Brasil-Salvador/Analista-de-Gesto-e-Controle-do-Programa-de-Eficincia-Energtica-Snior_R-29867-1?q=Salvador,2026-06-02T18:38:32.161254
7ad66d3e,Operador de Produção I,KIMBERLY-CLARK,https://kimberlyclark.wd1.myworkdayjobs.com/pt-BR/GLOBAL/job/Brazil-Camacari/Operador-de-Produo-I_885751?q=Cama%C3%A7ari,2026-06-02T18:38:32.161254
f795b060,Jovem Aprendiz - Área de Logística,KIMBERLY-CLARK,https://kimberlyclark.wd1.myworkdayjobs.com/pt-BR/GLOBAL/job/Brazil-Camacari/Jovem-Aprendiz---rea-de-Logstica_885657?q=Cama%C3%A7ari,2026-06-02T18:38:32.161254
da344d06,Coordenador de Manutenção,KIMBERLY-CLARK,https://kimberlyclark.wd1.myworkdayjobs.com/pt-BR/GLOBAL/job/Brazil-Camacari/Coordenador-de-Manuteno_885343?q=Cama%C3%A7ari,2026-06-02T18:38:32.161254
542c3907,TECNICO ELETROMECANICO(A) JR,GERDAU,https://jobs.gerdau.com/job/SIMOES-FILHO-TECNICO-ELETROMECANICO%28A%29-JR-BR-43700-000/1333536662/,2026-06-02T18:38:32.161254
212d90ea,Assistente Administrativo | Camaçari,TRESCAL,https://trescal.inhire.app/vagas/8fbc0711-103c-49f4-a23c-4e5674b8974e/assistente-administrativo-camacari,2026-06-02T18:38:32.161254
bce145c1,Auxiliar de Metrologista | Camaçari,TRESCAL,https://trescal.inhire.app/vagas/e462b82e-b0e0-45c6-aeb2-24536025676c/auxiliar-de-metrologista-camacari,2026-06-02T18:38:32.161254
9fa5c890,Engenheiro de Medição | Petrobrás (Camaçari / BA),TRESCAL,https://trescal.inhire.app/vagas/02bdea60-4a9f-4922-a3e3-5ee654b0433a/engenheiro-de-medicao-petrobras-camacari-ba,2026-06-02T18:38:32.161254
86ef5c4d,Jovem Aprendiz | Camaçari,TRESCAL,https://trescal.inhire.app/vagas/680ecfac-5cbf-4c2e-b0e6-0bec1887ea17/jovem-aprendiz-camacari,2026-06-02T18:38:32.161254
b9df3798,OPERADOR(A) CORTE DOBRA I,GERDAU,https://jobs.gerdau.com/job/SIMOES-FILHO-OPERADOR%28A%29-CORTE-DOBRA-I-BR-43700-000/1333544262/,2026-06-02T22:26:41.108711
e6ed9905,Analista de Treinamento Pleno,NEOENERGIA,https://iberdrola.wd3.myworkdayjobs.com/pt-BR/Iberdrola/job/Brasil-Salvador/Analista-de-Treinamento-Pleno_R-29927-1?q=Salvador,2026-06-03T18:09:20.428265
16fb39ee,Analista Comercial Sênior,NEOENERGIA,https://iberdrola.wd3.myworkdayjobs.com/pt-BR/Iberdrola/job/Brasil-Salvador/Analista-Comercial-Snior_R-28892-2?q=Salvador,2026-06-03T18:09:20.428265
aae65d95,Comprador (a) de Insumos Pleno,BRACELL,https://averis.wd3.myworkdayjobs.com/pt-BR/RGE/job/Camaari/Comprador--a--de-Insumos-Pleno_R198832?q=Cama%C3%A7ari,2026-06-03T18:09:20.428265
e3f62d42,Comprador (a) de Insumos Pleno,BRACELL,https://averis.wd3.myworkdayjobs.com/pt-BR/RGE/job/Camaari/Comprador--a--de-Insumos-Pleno_R198832?q=Alagoinhas,2026-06-03T18:09:20.428265
ceccd1ff,ENGENHEIRO DE PRODUÇÃO - DISTRIBUIÇÃO,BRASKEM,https://epiw.fa.la1.oraclecloud.com/hcmUI/CandidateExperience/pt-BR/sites/CX_1001/job/6782/,2026-06-03T18:09:20.428265
f425a997,Assistente de PCM,BOMIX,https://bomix.pandape.infojobs.com.br/Detail/3326532,2026-06-03T18:09:20.428265
61df133b,Estagiário Técnico de Manutenção,BOMIX,https://bomix.pandape.infojobs.com.br/Detail/3195190,2026-06-03T18:09:20.428265
aaf0ff74,Auxiliar Industrial de Qualidade,BOMIX,https://bomix.pandape.infojobs.com.br/Detail/3188120,2026-06-03T18:09:20.428265
fd56dda6,Assistente Administrativo,BOMIX,https://bomix.pandape.infojobs.com.br/Detail/3263884,2026-06-03T18:09:20.428265
ff5d6804,Estagiário de Manutenção,BOMIX,https://bomix.pandape.infojobs.com.br/Detail/3137728,2026-06-03T18:09:20.428265
58bec667,Estagiário Técnico de Automação,BOMIX,https://bomix.pandape.infojobs.com.br/Detail/3253985,2026-06-03T18:09:20.428265
1e42ed58,Analista de Produção sênior,BOMIX,https://bomix.pandape.infojobs.com.br/Detail/3175439,2026-06-03T18:09:20.428265
4c8934ec,Analista Fiscal,BOMIX,https://bomix.pandape.infojobs.com.br/Detail/3210274,2026-06-03T18:09:20.428265
c4b57375,AUX ADMINISTRATIVO - GATE,INTERMARÍTIMA,https://intermaritima.inhire.app/vagas/4a3c6cc2-8b26-48aa-9ccf-7664e900dee4/aux-administrativo-gate,2026-06-03T18:09:20.428265
1a904697,AUXILIAR DE LIMPEZA E OPERAÇÃO,INTERMARÍTIMA,https://intermaritima.inhire.app/vagas/aa9e637b-82b6-46da-b731-674124fa2079/auxiliar-de-limpeza-e-operacao,2026-06-03T18:09:20.428265
1d935b48,CONFERENTE - GATE/PÁTIO,INTERMARÍTIMA,https://intermaritima.inhire.app/vagas/b2e4d811-0765-475f-bae2-9c70554d6520/conferente-gate-patio,2026-06-03T18:09:20.428265
2618d303,"Administrador de Sistemas Pleno
Camaçari - BA
Efetivo",BYD,https://bydbrasil.gupy.io/jobs/10961423?jobBoardSource=gupy_public_page,2026-06-03T22:27:20.383137
1752e88e,"Administrador de Sistemas Senior
Camaçari - BA
Efetivo",BYD,https://bydbrasil.gupy.io/jobs/10961599?jobBoardSource=gupy_public_page,2026-06-03T22:27:20.383137
aee1fb17,"Advogado Pleno – Governança de Dados e Compliance Regulatório
Camaçari - BA
Efetivo",BYD,https://bydbrasil.gupy.io/jobs/11259225?jobBoardSource=gupy_public_page,2026-06-03T22:27:20.383137
1eb2a111,"Advogado Sênior (Contencioso)
Camaçari - BA
Efetivo",BYD,https://bydbrasil.gupy.io/jobs/11070180?jobBoardSource=gupy_public_page,2026-06-03T22:27:20.383137
5c38f506,"Analista Adminstrativo (Roteirização) | 3º Turno
Camaçari - BA
Efetivo",BYD,https://bydbrasil.gupy.io/jobs/11174976?jobBoardSource=gupy_public_page,2026-06-03T22:27:20.383137
a4e672f1,"Analista Contábil (Contas á Pagar e a Receber)
Camaçari - BA
Efetivo",BYD,https://bydbrasil.gupy.io/jobs/11425345?jobBoardSource=gupy_public_page,2026-06-03T22:27:20.383137
643fefc6,"Analista de Atração e Seleção - Divisão 15 (Componentes Automotivo)
Camaçari - BA
Efetivo",BYD,https://bydbrasil.gupy.io/jobs/11342184?jobBoardSource=gupy_public_page,2026-06-03T22:27:20.383137
c2999a87,"Analista de Comércio Exterior
Camaçari - BA
Efetivo",BYD,https://bydbrasil.gupy.io/jobs/11264332?jobBoardSource=gupy_public_page,2026-06-03T22:27:20.383137
cb072ece,"Analista de Departamento Pessoal
Camaçari - BA
Efetivo",BYD,https://bydbrasil.gupy.io/jobs/10825128?jobBoardSource=gupy_public_page,2026-06-03T22:27:20.383137
0964f578,"Analista de Infraestrutura de Data Center PL (Físico)
Camaçari - BA
Efetivo",BYD,https://bydbrasil.gupy.io/jobs/10964032?jobBoardSource=gupy_public_page,2026-06-03T22:27:20.383137
26df22c1,"Analista de Negócios TI
Camaçari - BA
Efetivo",BYD,https://bydbrasil.gupy.io/jobs/11384336?jobBoardSource=gupy_public_page,2026-06-03T22:27:20.383137
36c98521,"Analista de Operações - Divisão 14
Camaçari - BA
Efetivo",BYD,https://bydbrasil.gupy.io/jobs/11259636?jobBoardSource=gupy_public_page,2026-06-03T22:27:20.383137
129b8c53,"Analista de PCP (Planejamento e controle de Produção) - Centro de Operações
Camaçari - BA
Efetivo",BYD,https://bydbrasil.gupy.io/jobs/9523684?jobBoardSource=gupy_public_page,2026-06-03T22:27:20.383137
bce75c6a,"Analista de Planejamento e Controle de Materiais - Divisão 14
Camaçari - BA
Efetivo",BYD,https://bydbrasil.gupy.io/jobs/11199818?jobBoardSource=gupy_public_page,2026-06-03T22:27:20.383137
b9a5f16f,"Analista de Processos Jr - Divisão 11
Camaçari - BA
Efetivo",BYD,https://bydbrasil.gupy.io/jobs/11385906?jobBoardSource=gupy_public_page,2026-06-03T22:27:20.383137
67e444be,"Analista de Processos - Vaga Exclusiva para Pessoas com Deficiência (PcD)
Camaçari - BA
Efetivo",BYD,https://bydbrasil.gupy.io/jobs/11417795?jobBoardSource=gupy_public_page,2026-06-03T22:27:20.383137
72f3d7c0,"Analista de Qualidade
Camaçari - BA
Efetivo",BYD,https://bydbrasil.gupy.io/jobs/11415379?jobBoardSource=gupy_public_page,2026-06-03T22:27:20.383137
7fa96265,"Analista de Qualidade - Vaga Exclusiva para Pessoas com Deficiência (PcD)
Camaçari - BA
Efetivo",BYD,https://bydbrasil.gupy.io/jobs/11417516?jobBoardSource=gupy_public_page,2026-06-03T22:27:20.383137
eb5bc431,"Analista de Recrutamento e Seleção
Camaçari - BA
Efetivo",BYD,https://bydbrasil.gupy.io/jobs/10760993?jobBoardSource=gupy_public_page,2026-06-03T22:27:20.383137
33ee81d6,"Analista de Redes e Segurança PL (Cyber Security)
Camaçari - BA
Efetivo",BYD,https://bydbrasil.gupy.io/jobs/10964430?jobBoardSource=gupy_public_page,2026-06-03T22:27:20.383137
929ac540,"Analista de Redes e Segurança SR (Cyber Security)
Camaçari - BA
Efetivo",BYD,https://bydbrasil.gupy.io/jobs/10965010?jobBoardSource=gupy_public_page,2026-06-03T22:27:20.383137
407ad762,"Analista de Relações Trabalhistas Junior
Camaçari - BA
Efetivo",BYD,https://bydbrasil.gupy.io/jobs/11158258?jobBoardSource=gupy_public_page,2026-06-03T22:27:20.383137
9fe263b1,"Analista de Sistemas de TI (OT)
Camaçari - BA
Efetivo",BYD,https://bydbrasil.gupy.io/jobs/11228692?jobBoardSource=gupy_public_page,2026-06-03T22:27:20.383137
471f2960,"Analista de Suporte de TI SR
Camaçari - BA
Efetivo",BYD,https://bydbrasil.gupy.io/jobs/10964314?jobBoardSource=gupy_public_page,2026-06-03T22:27:20.383137
43cfd4ae,"Analista de Tesouraria Jr (Controle de Câmbio)
Camaçari - BA
Efetivo",BYD,https://bydbrasil.gupy.io/jobs/11305830?jobBoardSource=gupy_public_page,2026-06-03T22:27:20.383137
727ebefe,"Analista de Tesouraria Pl (Controle de Câmbio)
Camaçari - BA
Efetivo",BYD,https://bydbrasil.gupy.io/jobs/11305923?jobBoardSource=gupy_public_page,2026-06-03T22:27:20.383137
ed258a75,"Analista de Treinamento Pleno
Camaçari - BA
Efetivo",BYD,https://bydbrasil.gupy.io/jobs/11182662?jobBoardSource=gupy_public_page,2026-06-03T22:27:20.383137
3e9b582a,"Assistente de Equipamentos - BYD Camaçari (Divisão 2)
Camaçari - BA
Efetivo",BYD,https://bydbrasil.gupy.io/jobs/10783080?jobBoardSource=gupy_public_page,2026-06-03T22:27:20.383137
7b12d2dd,"Auxiliar de Cozinha - Vaga Exclusiva para Pessoas com Deficiência (PcD)
Camaçari - BA
Efetivo",BYD,https://bydbrasil.gupy.io/jobs/10743476?jobBoardSource=gupy_public_page,2026-06-03T22:27:20.383137
1a847869,"Banco de Talentos - BYD Bahia
Camaçari - BA
Banco de talentos",BYD,https://bydbrasil.gupy.io/jobs/5113711?jobBoardSource=gupy_public_page,2026-06-03T22:27:20.383137
6edb5f1c,"Banco de Talentos || CIMATEC
Camaçari - BA
Banco de talentos",BYD,https://bydbrasil.gupy.io/jobs/11217408?jobBoardSource=gupy_public_page,2026-06-03T22:27:20.383137
330bd48a,"Banco de Talentos || INDEX 2026
Camaçari - BA
Banco de talentos",BYD,https://bydbrasil.gupy.io/jobs/11249527?jobBoardSource=gupy_public_page,2026-06-03T22:27:20.383137
f2118328,"Condutor Interno - Terceiro Turno || Divisão 11
Camaçari - BA
Efetivo",BYD,https://bydbrasil.gupy.io/jobs/11154483?jobBoardSource=gupy_public_page,2026-06-03T22:27:20.383137
c2dd550f,"Coordenador de Logistica
Camaçari - BA
Efetivo",BYD,https://bydbrasil.gupy.io/jobs/11118947?jobBoardSource=gupy_public_page,2026-06-03T22:27:20.383137
60bf9d01,"Enfermeiro (a) do Trabalho - Vaga Exclusiva para Pessoas com Deficiência (PcD)
Camaçari - BA
Efetivo",BYD,https://bydbrasil.gupy.io/jobs/11293200?jobBoardSource=gupy_public_page,2026-06-03T22:27:20.383137
c94a91b5,"Enfermeiro do Trabalho
Camaçari - BA
Efetivo",BYD,https://bydbrasil.gupy.io/jobs/11259105?jobBoardSource=gupy_public_page,2026-06-03T22:27:20.383137
270c66a1,"Engenheiro Ambiental
Camaçari - BA
Efetivo",BYD,https://bydbrasil.gupy.io/jobs/11219123?jobBoardSource=gupy_public_page,2026-06-03T22:27:20.383137
8ab49fe4,"Engenheiro de Automação - Fábrica de Montagem Final
Camaçari - BA
Efetivo",BYD,https://bydbrasil.gupy.io/jobs/11174989?jobBoardSource=gupy_public_page,2026-06-03T22:27:20.383137
3bc7bf9e,"Engenheiro de Controle de Materiais Recebidos
Camaçari - BA
Efetivo",BYD,https://bydbrasil.gupy.io/jobs/11371094?jobBoardSource=gupy_public_page,2026-06-03T22:27:20.383137
897d8c57,"Engenheiro de HSE (Saúde, Segurança e Meio Ambiente) - Divisão 14
Camaçari - BA
Efetivo",BYD,https://bydbrasil.gupy.io/jobs/11145030?jobBoardSource=gupy_public_page,2026-06-03T22:27:20.383137
7c730adb,"Engenheiro de Laboratório
Camaçari - BA
Efetivo",BYD,https://bydbrasil.gupy.io/jobs/11215457?jobBoardSource=gupy_public_page,2026-06-03T22:27:20.383137
53527886,"Engenheiro de Processos (Controle de Fluido) - Fábrica de Montagem Final
Camaçari - BA
Efetivo",BYD,https://bydbrasil.gupy.io/jobs/11231138?jobBoardSource=gupy_public_page,2026-06-03T22:27:20.383137
876d9a64,"Engenheiro de Processos (Custo, Eficiência e Preparação de Manufatura) - Fábrica de Montagem Final
Camaçari - BA
Efetivo",BYD,https://bydbrasil.gupy.io/jobs/11231451?jobBoardSource=gupy_public_page,2026-06-03T22:27:20.383137
ae2092a9,"Engenheiro de Processos - Divisão 14
Camaçari - BA
Efetivo",BYD,https://bydbrasil.gupy.io/jobs/11200038?jobBoardSource=gupy_public_page,2026-06-03T22:27:20.383137
e933ba52,"Engenheiro de Processos - Fábrica de Montagem Final
Camaçari - BA
Efetivo",BYD,https://bydbrasil.gupy.io/jobs/11243271?jobBoardSource=gupy_public_page,2026-06-03T22:27:20.383137
da564a9e,"Engenheiro de Processos (Manipulador/Junta Parafusada) - Fábrica de Montagem Final
Camaçari - BA
Efetivo",BYD,https://bydbrasil.gupy.io/jobs/11231490?jobBoardSource=gupy_public_page,2026-06-03T22:27:20.383137
bd9b2ba2,"Engenheiro de Processos (Sistema) - Fábrica de Montagem Final
Camaçari - BA
Efetivo",BYD,https://bydbrasil.gupy.io/jobs/11229390?jobBoardSource=gupy_public_page,2026-06-03T22:27:20.383137
24c5e17d,"Engenheiro de Processo (Transportação) - Fábrica de Montagem Final
Camaçari - BA
Efetivo",BYD,https://bydbrasil.gupy.io/jobs/11243173?jobBoardSource=gupy_public_page,2026-06-03T22:27:20.383137
db2d4807,"Engenheiro de Qualidade - Centro de Qualidade
Camaçari - BA
Efetivo",BYD,https://bydbrasil.gupy.io/jobs/11173617?jobBoardSource=gupy_public_page,2026-06-03T22:27:20.383137
a1b3d2bc,"Engenheiro de Segurança do Trabalho - Centro de Qualidade
Camaçari - BA
Efetivo",BYD,https://bydbrasil.gupy.io/jobs/11173888?jobBoardSource=gupy_public_page,2026-06-03T22:27:20.383137
d46b6de9,"Engenheiro de Segurança do Trabalho Pleno
Camaçari - BA
Efetivo",BYD,https://bydbrasil.gupy.io/jobs/11136219?jobBoardSource=gupy_public_page,2026-06-03T22:27:20.383137
104a625d,"Engenheiro de Sistema de Qualidade - Centro de Qualidade
Camaçari - BA
Efetivo",BYD,https://bydbrasil.gupy.io/jobs/11174148?jobBoardSource=gupy_public_page,2026-06-03T22:27:20.383137
c941fba8,"Engenheiro de Sistemas - Fábrica de Soldagem
Camaçari - BA
Efetivo",BYD,https://bydbrasil.gupy.io/jobs/11175490?jobBoardSource=gupy_public_page,2026-06-03T22:27:20.383137
a9b6eb7a,"Engenheiro de SSMA (Saúde, Segurança e Meio Ambiente) - Divisão 2 (Baterias)
Camaçari - BA
Efetivo",BYD,https://bydbrasil.gupy.io/jobs/11317999?jobBoardSource=gupy_public_page,2026-06-03T22:27:20.383137
4cec7a2f,"Especialista de Backoffice (Inglês Avançado)
Camaçari - BA
Efetivo",BYD,https://bydbrasil.gupy.io/jobs/11428865?jobBoardSource=gupy_public_page,2026-06-03T22:27:20.383137
42735b70,"Especialista de HSE (Inglês Avançado/Fluente)
Camaçari - BA
Efetivo",BYD,https://bydbrasil.gupy.io/jobs/11071131?jobBoardSource=gupy_public_page,2026-06-03T22:27:20.383137
e8fe119d,"Especialista de Infraestrutura de Data Center (Físico)
Camaçari - BA
Efetivo",BYD,https://bydbrasil.gupy.io/jobs/10964116?jobBoardSource=gupy_public_page,2026-06-03T22:27:20.383137
a4f6ca2c,"Especialista de Infraestrutura de Data Center (Lógico)
Camaçari - BA
Efetivo",BYD,https://bydbrasil.gupy.io/jobs/10961668?jobBoardSource=gupy_public_page,2026-06-03T22:27:20.383137
1dfab384,"Especialista de Projetos de TI (PMO) - Mandarim Avançado/Fluente / 高级汉语/流利汉语
Camaçari - BA
Efetivo",BYD,https://bydbrasil.gupy.io/jobs/10963954?jobBoardSource=gupy_public_page,2026-06-03T22:27:20.383137
b44be4e6,"Especialista de Relações Trabalhistas (Inglês Avançado/Fluente)
Camaçari - BA
Efetivo",BYD,https://bydbrasil.gupy.io/jobs/11136087?jobBoardSource=gupy_public_page,2026-06-03T22:27:20.383137
317cb242,"Especialista Senior de Supply Chain
Camaçari - BA
Efetivo",BYD,https://bydbrasil.gupy.io/jobs/10420256?jobBoardSource=gupy_public_page,2026-06-03T22:27:20.383137
364ae83f,"Gerente de Fábrica
Camaçari - BA
Efetivo",BYD,https://bydbrasil.gupy.io/jobs/11113108?jobBoardSource=gupy_public_page,2026-06-03T22:27:20.383137
4bc2292e,"Gerente de Relações Governamentais (Inglês e Mandarim Avançado/Fluente)
Camaçari - BA
Efetivo",BYD,https://bydbrasil.gupy.io/jobs/11363958?jobBoardSource=gupy_public_page,2026-06-03T22:27:20.383137
88a6ed24,"Inspetor de Qualidade - Divisão 2 (Baterias)
Camaçari - BA
Efetivo",BYD,https://bydbrasil.gupy.io/jobs/10942046?jobBoardSource=gupy_public_page,2026-06-03T22:27:20.383137
d5250d12,"Inspetor de Qualidade - Terceiro Turno || Divisão 11
Camaçari - BA
Efetivo",BYD,https://bydbrasil.gupy.io/jobs/11154095?jobBoardSource=gupy_public_page,2026-06-03T22:27:20.383137
a776b4ce,"Líder de Logística - Fábrica de Soldagem
Camaçari - BA
Efetivo",BYD,https://bydbrasil.gupy.io/jobs/11209034?jobBoardSource=gupy_public_page,2026-06-03T22:27:20.383137
b55220fe,"Lider de Produção
Camaçari - BA
Efetivo",BYD,https://bydbrasil.gupy.io/jobs/11175078?jobBoardSource=gupy_public_page,2026-06-03T22:27:20.383137
c9307a8c,"Médico do Trabalho (Assistencial) – Responsável Técnico
Camaçari - BA
Efetivo",BYD,https://bydbrasil.gupy.io/jobs/11258571?jobBoardSource=gupy_public_page,2026-06-03T22:27:20.383137
fc4c1c62,"Metrologista
Camaçari - BA
Efetivo",BYD,https://bydbrasil.gupy.io/jobs/11228421?jobBoardSource=gupy_public_page,2026-06-03T22:27:20.383137
575efa23,"Motorista Carreteiro - Terceiro Turno || Divisão 11
Camaçari - BA
Efetivo",BYD,https://bydbrasil.gupy.io/jobs/11154061?jobBoardSource=gupy_public_page,2026-06-03T22:27:20.383137
0ee76b34,"Operador de Empilhadeira
Camaçari - BA
Efetivo",BYD,https://bydbrasil.gupy.io/jobs/11288946?jobBoardSource=gupy_public_page,2026-06-03T22:27:20.383137
ef4183bf,"Operador de empilhadeira- Divisão 2 ( Baterias)
Camaçari - BA
Efetivo",BYD,https://bydbrasil.gupy.io/jobs/10726737?jobBoardSource=gupy_public_page,2026-06-03T22:27:20.383137
04f159d0,"Operador de Equipamentos de Movimentação de Carga - Terceiro Turno || Divisão 11
Camaçari - BA
Efetivo",BYD,https://bydbrasil.gupy.io/jobs/11154024?jobBoardSource=gupy_public_page,2026-06-03T22:27:20.383137
516aac95,"Operador de Estação de Tratamento de Efluentes (ETE)
Camaçari - BA
Efetivo",BYD,https://bydbrasil.gupy.io/jobs/11418714?jobBoardSource=gupy_public_page,2026-06-03T22:27:20.383137
3b77126a,"Operador de Logística
Camaçari - BA
Efetivo",BYD,https://bydbrasil.gupy.io/jobs/11293976?jobBoardSource=gupy_public_page,2026-06-03T22:27:20.383137
48ea8dc1,"Operador de Produção - Divisão 2 (Baterias)
Camaçari - BA
Efetivo",BYD,https://bydbrasil.gupy.io/jobs/10718504?jobBoardSource=gupy_public_page,2026-06-03T22:27:20.383137
1a7c6b61,"Operador de Produção - Terceiro Turno || Divisão 11
Camaçari - BA
Efetivo",BYD,https://bydbrasil.gupy.io/jobs/11154558?jobBoardSource=gupy_public_page,2026-06-03T22:27:20.383137
1bdec7ad,"Operador de Reach Stacker - Terceiro Turno || Divisão 11
Camaçari - BA
Efetivo",BYD,https://bydbrasil.gupy.io/jobs/11154009?jobBoardSource=gupy_public_page,2026-06-03T22:27:20.383137
e219a247,"Operador Logístico - Terceiro Turno || Divisão 11
Camaçari - BA
Efetivo",BYD,https://bydbrasil.gupy.io/jobs/11154043?jobBoardSource=gupy_public_page,2026-06-03T22:27:20.383137
aae138ad,"Reparador Automotivo - Fábrica de Acessórios
Camaçari - BA
Efetivo",BYD,https://bydbrasil.gupy.io/jobs/11266875?jobBoardSource=gupy_public_page,2026-06-03T22:27:20.383137
c9b31b8e,"Soldador de Tubulação
Camaçari - BA
Efetivo",BYD,https://bydbrasil.gupy.io/jobs/11082825?jobBoardSource=gupy_public_page,2026-06-03T22:27:20.383137
768331ee,"Supervisor (a) de Produção - Vaga Exclusiva para Pessoas com Deficiência (PcD)
Camaçari - BA
Efetivo",BYD,https://bydbrasil.gupy.io/jobs/11415397?jobBoardSource=gupy_public_page,2026-06-03T22:27:20.383137
5b890da7,"Supervisor Contábil
Camaçari - BA
Efetivo",BYD,https://bydbrasil.gupy.io/jobs/11342623?jobBoardSource=gupy_public_page,2026-06-03T22:27:20.383137
8a2ec5bf,"Supervisor de Logística (Importação)
Camaçari - BA
Efetivo",BYD,https://bydbrasil.gupy.io/jobs/11337905?jobBoardSource=gupy_public_page,2026-06-03T22:27:20.383137
fa58a696,"Supervisor de Recrutamento e Seleção
Camaçari - BA
Efetivo",BYD,https://bydbrasil.gupy.io/jobs/11150727?jobBoardSource=gupy_public_page,2026-06-03T22:27:20.383137
3466f38c,"Supervisor de Recursos Humanos - Divisão 2 (Baterias)
Camaçari - BA
Efetivo",BYD,https://bydbrasil.gupy.io/jobs/10937668?jobBoardSource=gupy_public_page,2026-06-03T22:27:20.383137
7706cc05,"Supervisor de SSMA
Camaçari - BA
Efetivo",BYD,https://bydbrasil.gupy.io/jobs/11171516?jobBoardSource=gupy_public_page,2026-06-03T22:27:20.383137
b9f110da,"Técnico (a) de Segurança do Trabalho - Vaga Exclusiva para Pessoas com Deficiência (PcD)
Camaçari - BA
Efetivo",BYD,https://bydbrasil.gupy.io/jobs/11415075?jobBoardSource=gupy_public_page,2026-06-03T22:27:20.383137
18d2f6dd,"Técnico de Laboratório de Água e Efluentes
Camaçari - BA
Efetivo",BYD,https://bydbrasil.gupy.io/jobs/11417962?jobBoardSource=gupy_public_page,2026-06-03T22:27:20.383137
ac576dba,"Técnico de Redes (Infraestrutura)
Camaçari - BA
Efetivo",BYD,https://bydbrasil.gupy.io/jobs/11107196?jobBoardSource=gupy_public_page,2026-06-03T22:27:20.383137
138f5cdd,"Técnico de Tratamento de Efluentes (Líder de Turno)
Camaçari - BA
Efetivo",BYD,https://bydbrasil.gupy.io/jobs/11418600?jobBoardSource=gupy_public_page,2026-06-03T22:27:20.383137
e287ab2d,"Técnico Eletricista
Camaçari - BA
Efetivo",BYD,https://bydbrasil.gupy.io/jobs/11229013?jobBoardSource=gupy_public_page,2026-06-03T22:27:20.383137
8dacad8a,"Técnico Eletricista Sênior
Camaçari - BA
Efetivo",BYD,https://bydbrasil.gupy.io/jobs/11229207?jobBoardSource=gupy_public_page,2026-06-03T22:27:20.383137
c22f50b1,"Técnico em Automação - Fábrica de Montagem Final
Camaçari - BA
Efetivo",BYD,https://bydbrasil.gupy.io/jobs/11208733?jobBoardSource=gupy_public_page,2026-06-03T22:27:20.383137
d876caa4,"Técnico em Automação (Menutenção)
Camaçari - BA
Efetivo",BYD,https://bydbrasil.gupy.io/jobs/11197879?jobBoardSource=gupy_public_page,2026-06-03T22:27:20.383137
cee68728,"Técnico em Elétrica - Fábrica de Montagem Final
Camaçari - BA
Efetivo",BYD,https://bydbrasil.gupy.io/jobs/11189126?jobBoardSource=gupy_public_page,2026-06-03T22:27:20.383137
8c966f3e,"Técnico em Elétrica - Fábrica de Montagem Final
Camaçari - BA
Efetivo",BYD,https://bydbrasil.gupy.io/jobs/11175334?jobBoardSource=gupy_public_page,2026-06-03T22:27:20.383137
31aa6de1,"Técnico em Elétrica - Terceiro Turno || Divisão 11
Camaçari - BA
Efetivo",BYD,https://bydbrasil.gupy.io/jobs/11153974?jobBoardSource=gupy_public_page,2026-06-03T22:27:20.383137
3d01302b,"Técnico em Mecânica - Terceiro Turno || Divisão 11
Camaçari - BA
Efetivo",BYD,https://bydbrasil.gupy.io/jobs/11153927?jobBoardSource=gupy_public_page,2026-06-03T22:27:20.383137
6658c8ba,"Técnico em Metrologia
Camaçari - BA
Efetivo",BYD,https://bydbrasil.gupy.io/jobs/11316008?jobBoardSource=gupy_public_page,2026-06-03T22:27:20.383137
6b5c2f92,"Técnico Teste - Divisão 2 (Baterias)
Camaçari - BA
Efetivo",BYD,https://bydbrasil.gupy.io/jobs/10710088?jobBoardSource=gupy_public_page,2026-06-03T22:27:20.383137
bbedf720,"TRILHOS | AGENTE DE ATENDIMENTO E SEGURANÇA - VAGA AFIRMATIVA PARA MULHERES
Salvador - BA
Banco de talentos",MOTIVA,https://motiva.gupy.io/jobs/11219268?jobBoardSource=gupy_public_page,2026-06-03T22:27:20.383137
f01c2fcf,"TRILHOS | BANCO DE TALENTOS - OPERADOR(A) DE TREM PART TIME
Salvador - BA
Banco de talentos",MOTIVA,https://motiva.gupy.io/jobs/11271905?jobBoardSource=gupy_public_page,2026-06-03T22:27:20.383137
e27815b1,"TRILHOS | BANCO DE TALENTOS - TÉCNICO DE ATENDIMENTO MANUTENÇÃO MATERIAL RODANTE
Salvador - BA
Banco de talentos",MOTIVA,https://motiva.gupy.io/jobs/11002955?jobBoardSource=gupy_public_page,2026-06-03T22:27:20.383137
b504470a,"TRILHOS l LÍDER DE ATENDIMENTO E MANUTENÇÃO CIVIL - VAGA AFIRMATIVA PARA MULHERES
Salvador - BA
Efetivo",MOTIVA,https://motiva.gupy.io/jobs/11118995?jobBoardSource=gupy_public_page,2026-06-03T22:27:20.383137
11656498,"TRILHOS l OFICIAL MANUTENÇÃO - SINERGIA
Salvador - BA
Efetivo",MOTIVA,https://motiva.gupy.io/jobs/11390255?jobBoardSource=gupy_public_page,2026-06-03T22:27:20.383137
18404f3e,"TRILHOS l SUPERVISOR(A) DE ESTAÇÕES - VAGA AFIRMATIVA PARA MULHERES
Salvador - BA
Efetivo",MOTIVA,https://motiva.gupy.io/jobs/11097965?jobBoardSource=gupy_public_page,2026-06-03T22:27:20.383137
ebfd2050,"TRILHOS l TÉCNICO(A) EM MANUTENÇÃO DE EQUIPAMENTOS FIXOS
Salvador - BA
Efetivo",MOTIVA,https://motiva.gupy.io/jobs/11403831?jobBoardSource=gupy_public_page,2026-06-03T22:27:20.383137
4ffa8098,"ANALISTA DE RH
Camaçari - BA e Híbrido
Efetivo",KORDSA,https://kordsa.gupy.io/jobs/11276509?jobBoardSource=gupy_public_page,2026-06-03T22:27:20.383137
05266d3b,"BANCO DE TALENTOS - Estágio Técnico
Camaçari - BA
Banco de talentos",KORDSA,https://kordsa.gupy.io/jobs/11043849?jobBoardSource=gupy_public_page,2026-06-03T22:27:20.383137
dda01a53,"BANCO DE TALENTOS - Jovem Aprendiz
Camaçari - BA
Banco de talentos",KORDSA,https://kordsa.gupy.io/jobs/738552?jobBoardSource=gupy_public_page,2026-06-03T22:27:20.383137
32511569,"BANCO DE TALENTOS - Operador (a) de Produção
Camaçari - BA
Banco de talentos",KORDSA,https://kordsa.gupy.io/jobs/735624?jobBoardSource=gupy_public_page,2026-06-03T22:27:20.383137
58b9d4e8,"BANCO DE TALENTOS - PCD (Pessoa com Deficiência)
Camaçari - BA
Banco de talentos",KORDSA,https://kordsa.gupy.io/jobs/844279?jobBoardSource=gupy_public_page,2026-06-03T22:27:20.383137
9f1d8aa0,"Embalador
Camaçari - BA
Efetivo",KORDSA,https://kordsa.gupy.io/jobs/11140319?jobBoardSource=gupy_public_page,2026-06-03T22:27:20.383137
33e0e689,"Estágio Técnico | Manutenção Elétrica
Camaçari - BA
Estágio",KORDSA,https://kordsa.gupy.io/jobs/11262524?jobBoardSource=gupy_public_page,2026-06-03T22:27:20.383137
d4e18ecf,"Estágio Técnico | Manutenção Mecânica
Camaçari - BA
Estágio",KORDSA,https://kordsa.gupy.io/jobs/10878391?jobBoardSource=gupy_public_page,2026-06-03T22:27:20.383137
311e68b8,"Técnico em Elétrica e Instrumentação
Camaçari - BA
Efetivo",KORDSA,https://kordsa.gupy.io/jobs/11107887?jobBoardSource=gupy_public_page,2026-06-03T22:27:20.383137
f072b318,"Técnico em Elétrica e Instrumentação
Camaçari - BA
Efetivo",KORDSA,https://kordsa.gupy.io/jobs/11200102?jobBoardSource=gupy_public_page,2026-06-03T22:27:20.383137
a0ddd0a8,"Analista de Marketing Digital Jr (Dados)
Salvador - BA
Efetivo",LM MOBILIDADE,https://lmvagas.gupy.io/jobs/11369764?jobBoardSource=gupy_public_page,2026-06-03T22:27:20.383137
8e2cd71f,"BANCO DE TALENTOS PESSOAS COM DEFICIÊNCIA - NÍVEL BRASIL
Salvador - BA
Banco de talentos",LM MOBILIDADE,https://lmvagas.gupy.io/jobs/9431665?jobBoardSource=gupy_public_page,2026-06-03T22:27:20.383137
7196bbd5,"JOVEM APRENDIZ (ÁREA OPERAÇÕES) - SALVADOR/BA
Salvador - BA
Aprendiz",LM MOBILIDADE,https://lmvagas.gupy.io/jobs/11259360?jobBoardSource=gupy_public_page,2026-06-03T22:27:20.383137
433a2ad0,"Aprendiz
Simões Filho - BA
Aprendiz",VOTORANTIM CIMENTOS,https://votorantimcimentos.gupy.io/jobs/11404915?jobBoardSource=gupy_public_page,2026-06-03T22:27:20.383137
0d66896d,"Jovem Aprendiz - Administrativo
Botucatu - SP
Efetivo",VOTORANTIM CIMENTOS,https://votorantimcimentos.gupy.io/jobs/11164907?jobBoardSource=gupy_public_page,2026-06-03T22:27:20.383137
5947413e,"Operadora/Operador de Produção II
Camaçari - BA
Efetivo",VOTORANTIM CIMENTOS,https://votorantimcimentos.gupy.io/jobs/11304773?jobBoardSource=gupy_public_page,2026-06-03T22:27:20.383137
e9d95f6f,"BANCO DE TALENTOS - CANDEIAS-CAMAÇARI/BA
Candeias - BA
Banco de talentos",TIMAC AGRO,https://timacagro.gupy.io/jobs/10617198?jobBoardSource=gupy_public_page,2026-06-03T22:27:20.383137
1dddaee6,"BANCO DE TALENTOS - COMERCIAL - MINAS GERAIS
Candeias - BA e Remoto
Banco de talentos",TIMAC AGRO,https://timacagro.gupy.io/jobs/562709?jobBoardSource=gupy_public_page,2026-06-03T22:27:20.383137
0fa8e4ca,"CONSULTOR(A) TÉCNICO(A) COMERCIAL - PIRAPORA / MG
Candeias - BA
Efetivo",TIMAC AGRO,https://timacagro.gupy.io/jobs/11314835?jobBoardSource=gupy_public_page,2026-06-03T22:27:20.383137
10703347,"CONSULTOR(A) TÉCNICO(A) COMERCIAL (PRODUÇÃO ANIMAL) - JACUNDÁ / PA
Candeias - BA
Efetivo",TIMAC AGRO,https://timacagro.gupy.io/jobs/11325498?jobBoardSource=gupy_public_page,2026-06-03T22:27:20.383137
b7d7a675,"SEMEAR (PROGRAMA DE APRENDIZ 2026) - CANDEIAS-CAMAÇARI/BA
Candeias - BA
Aprendiz",TIMAC AGRO,https://timacagro.gupy.io/jobs/10212941?jobBoardSource=gupy_public_page,2026-06-03T22:27:20.383137
e89fba0d,"SEMEAR (PROGRAMA DE ESTÁGIO SUPERIOR 2026) - CANDEIAS-CAMAÇARI/BA
Candeias - BA
Efetivo",TIMAC AGRO,https://timacagro.gupy.io/jobs/10503372?jobBoardSource=gupy_public_page,2026-06-03T22:27:20.383137
fa76f2c5,"SEMEAR (PROGRAMA DE ESTÁGIO TÉCNICO 2026) - CANDEIAS-CAMAÇARI/BA
Candeias - BA
Efetivo",TIMAC AGRO,https://timacagro.gupy.io/jobs/10503594?jobBoardSource=gupy_public_page,2026-06-03T22:27:20.383137
d07a43d3,"TALENTOS DO AMANHÃ (PROGRAMA DE PCD) BANCO DE TALENTOS - CANDEIAS/BA
Candeias - BA
Banco de talentos",TIMAC AGRO,https://timacagro.gupy.io/jobs/10617284?jobBoardSource=gupy_public_page,2026-06-03T22:27:20.383137
c8534ddc,"TÉCNICO(A) DE MANUTENÇÃO (PCD) - CANDEIAS/BA
Candeias - BA
Efetivo",TIMAC AGRO,https://timacagro.gupy.io/jobs/11267130?jobBoardSource=gupy_public_page,2026-06-03T22:27:20.383137
ce1830ba,"Eletricista Candeias BA
Candeias - BA
Efetivo",HERINGER,https://heringer.gupy.io/jobs/11337484?jobBoardSource=gupy_public_page,2026-06-03T22:27:20.383137
897afcc0,"Técnico(a) de Manutenção I
Dias d'Ávila - BA
Efetivo",AXIA ENERGIA,https://axiaenergia.gupy.io/jobs/11338378?jobBoardSource=gupy_public_page,2026-06-03T22:27:20.383137
c3212d33,"Técnico(a) de Manutenção I
Salvador - BA
Efetivo",AXIA ENERGIA,https://axiaenergia.gupy.io/jobs/11337807?jobBoardSource=gupy_public_page,2026-06-03T22:27:20.383137
eb36a30d,"Assistente de Instalação - vaga exclusiva para PCD
Salvador - BA
Efetivo",ULTRAGAZ,https://vagasultragaz.gupy.io/jobs/10648225?jobBoardSource=gupy_public_page,2026-06-03T22:27:20.383137
f7b2358e,"Analista de Sistema de Gestão Integrada I
Feira de Santana - BA
Efetivo",SOLAR COCA COLA,https://solarcocacola.gupy.io/jobs/11154779?jobBoardSource=gupy_public_page,2026-06-03T22:27:20.383137
982484af,"Auxiliar Administrativo Aprendiz
Alagoinhas - BA
Aprendiz",SOLAR COCA COLA,https://solarcocacola.gupy.io/jobs/11359731?jobBoardSource=gupy_public_page,2026-06-03T22:27:20.383137
24f550cb,"Auxiliar Administrativo Aprendiz
Salvador - BA
Aprendiz",SOLAR COCA COLA,https://solarcocacola.gupy.io/jobs/11395025?jobBoardSource=gupy_public_page,2026-06-03T22:27:20.383137
768afed1,"Auxiliar Administrativo Aprendiz
Simões Filho - BA
Efetivo",SOLAR COCA COLA,https://solarcocacola.gupy.io/jobs/11395019?jobBoardSource=gupy_public_page,2026-06-03T22:27:20.383137
62e9a417,"Auxiliar de Almoxarifado
Simões Filho - BA
Efetivo",SOLAR COCA COLA,https://solarcocacola.gupy.io/jobs/11250565?jobBoardSource=gupy_public_page,2026-06-03T22:27:20.383137
fcf1acc4,"Auxiliar de Entrega
Simões Filho - BA
Efetivo",SOLAR COCA COLA,https://solarcocacola.gupy.io/jobs/11095356?jobBoardSource=gupy_public_page,2026-06-03T22:27:20.383137
8341259d,"Auxiliar de Entrega
Salvador - BA
Efetivo",SOLAR COCA COLA,https://solarcocacola.gupy.io/jobs/11398194?jobBoardSource=gupy_public_page,2026-06-03T22:27:20.383137
fb4f1dfd,"Auxiliar de Entrega
Simões Filho - BA
Efetivo",SOLAR COCA COLA,https://solarcocacola.gupy.io/jobs/11095341?jobBoardSource=gupy_public_page,2026-06-03T22:27:20.383137
b11aa4b2,"Auxiliar de Entrega
Simões Filho - BA
Efetivo",SOLAR COCA COLA,https://solarcocacola.gupy.io/jobs/11254168?jobBoardSource=gupy_public_page,2026-06-03T22:27:20.383137
bc66e180,"Auxiliar de Entrega
Simões Filho - BA
Efetivo",SOLAR COCA COLA,https://solarcocacola.gupy.io/jobs/11387443?jobBoardSource=gupy_public_page,2026-06-03T22:27:20.383137
6e47f7ac,"Auxiliar de Expedição
Simões Filho - BA
Efetivo",SOLAR COCA COLA,https://solarcocacola.gupy.io/jobs/11276484?jobBoardSource=gupy_public_page,2026-06-03T22:27:20.383137
741e88bf,"Auxiliar de Expedição
Simões Filho - BA
Efetivo",SOLAR COCA COLA,https://solarcocacola.gupy.io/jobs/11338687?jobBoardSource=gupy_public_page,2026-06-03T22:27:20.383137
3876b416,"Auxiliar de Expedição
Simões Filho - BA
Efetivo",SOLAR COCA COLA,https://solarcocacola.gupy.io/jobs/11357476?jobBoardSource=gupy_public_page,2026-06-03T22:27:20.383137
17208c7f,"Auxiliar de Produção
Simões Filho - BA
Temporário",SOLAR COCA COLA,https://solarcocacola.gupy.io/jobs/11244127?jobBoardSource=gupy_public_page,2026-06-03T22:27:20.383137
894bbec7,"Especialista de Marcas e Experiências - Salvador/BA
Salvador - BA
Efetivo",SOLAR COCA COLA,https://solarcocacola.gupy.io/jobs/11311113?jobBoardSource=gupy_public_page,2026-06-03T22:27:20.383137
39b84158,"Manobrista
Feira de Santana - BA
Efetivo",SOLAR COCA COLA,https://solarcocacola.gupy.io/jobs/11192728?jobBoardSource=gupy_public_page,2026-06-03T22:27:20.383137
c7b0ff07,"Mecânico(a) de Autos
Feira de Santana - BA
Efetivo",SOLAR COCA COLA,https://solarcocacola.gupy.io/jobs/11210253?jobBoardSource=gupy_public_page,2026-06-03T22:27:20.383137
a7f66828,"Motorista de Entrega
Simões Filho - BA
Efetivo",SOLAR COCA COLA,https://solarcocacola.gupy.io/jobs/11254204?jobBoardSource=gupy_public_page,2026-06-03T22:27:20.383137
bf6f9b83,"Motorista de Entrega
Simões Filho - BA
Efetivo",SOLAR COCA COLA,https://solarcocacola.gupy.io/jobs/11149183?jobBoardSource=gupy_public_page,2026-06-03T22:27:20.383137
d46ee002,"Operador(a) de Empilhadeira
Simões Filho - BA
Efetivo",SOLAR COCA COLA,https://solarcocacola.gupy.io/jobs/11188842?jobBoardSource=gupy_public_page,2026-06-03T22:27:20.383137
b180888a,"Operador(a) de Empilhadeira
Simões Filho - BA
Efetivo",SOLAR COCA COLA,https://solarcocacola.gupy.io/jobs/11095337?jobBoardSource=gupy_public_page,2026-06-03T22:27:20.383137
fd6fcb26,"Operador(a) de Empilhadeira
Simões Filho - BA
Efetivo",SOLAR COCA COLA,https://solarcocacola.gupy.io/jobs/11284866?jobBoardSource=gupy_public_page,2026-06-03T22:27:20.383137
1efb20b4,"Operador(a) de Produção I
Simões Filho - BA
Efetivo",SOLAR COCA COLA,https://solarcocacola.gupy.io/jobs/11244120?jobBoardSource=gupy_public_page,2026-06-03T22:27:20.383137
2b1352be,"Técnico(a) de Asseguração da Qualidade I
Simões Filho - BA
Efetivo",SOLAR COCA COLA,https://solarcocacola.gupy.io/jobs/11206835?jobBoardSource=gupy_public_page,2026-06-03T22:27:20.383137
90db9cdd,"Auxiliar de Produção - Banco de Talentos
Salvador - BA
Banco de talentos",M. DIAS BRANCO,https://mdiasbranco.gupy.io/jobs/11423821?jobBoardSource=gupy_public_page,2026-06-03T22:27:20.383137
14288d8e,"Estagiário de Controle de Qualidade
Salvador - BA
Estágio",M. DIAS BRANCO,https://mdiasbranco.gupy.io/jobs/11310333?jobBoardSource=gupy_public_page,2026-06-03T22:27:20.383137
040f190b,"Operador de Máquina de Embalagem (Massas) - Banco de Talentos
Salvador - BA
Banco de talentos",M. DIAS BRANCO,https://mdiasbranco.gupy.io/jobs/10805580?jobBoardSource=gupy_public_page,2026-06-03T22:27:20.383137
1e0828cf,"Promotor de Vendas - PCD
Salvador - BA
Efetivo",M. DIAS BRANCO,https://mdiasbranco.gupy.io/jobs/10907437?jobBoardSource=gupy_public_page,2026-06-03T22:27:20.383137
4329150a,"Vagas Afirmativas para Pessoas com Deficiência
Salvador - BA
Banco de talentos",M. DIAS BRANCO,https://mdiasbranco.gupy.io/jobs/11358654?jobBoardSource=gupy_public_page,2026-06-03T22:27:20.383137
35c75159,"[Banco de Talentos 2026] - Auxiliar de Produção
Simões Filho - BA
Banco de talentos",ENGEPACK,https://engepack.gupy.io/jobs/10974657?jobBoardSource=gupy_public_page,2026-06-03T22:27:20.383137
0e9c3283,"[Banco de Talentos 2026] - Auxiliar de Produção PCR
Simões Filho - BA
Banco de talentos",ENGEPACK,https://engepack.gupy.io/jobs/5079656?jobBoardSource=gupy_public_page,2026-06-03T22:27:20.383137
71ecdc1c,"[Banco de Talentos 2026] - JOVEM APRENDIZ
Simões Filho - BA
Banco de talentos",ENGEPACK,https://engepack.gupy.io/jobs/5937818?jobBoardSource=gupy_public_page,2026-06-03T22:27:20.383137
9c84748a,"[Banco de Talentos 2026] - Operador de Empilhadeira
Simões Filho - BA
Banco de talentos",ENGEPACK,https://engepack.gupy.io/jobs/10754195?jobBoardSource=gupy_public_page,2026-06-03T22:27:20.383137
7372a902,"[Banco de Talentos 2026] - Pessoas com Deficiência (PCD)
Simões Filho - BA
Banco de talentos",ENGEPACK,https://engepack.gupy.io/jobs/3090739?jobBoardSource=gupy_public_page,2026-06-03T22:27:20.383137
97c6955a,"ESTÁGIO - Financeiro
Salvador - BA e Híbrido
Estágio",ENGEPACK,https://engepack.gupy.io/jobs/11422910?jobBoardSource=gupy_public_page,2026-06-03T22:27:20.383137
72565760,"Estágio - Governança e Compliance.
Salvador - BA e Híbrido
Estágio",ENGEPACK,https://engepack.gupy.io/jobs/11309729?jobBoardSource=gupy_public_page,2026-06-03T22:27:20.383137
9c6ab8c1,"ESTÁGIO - Jurídico
Salvador - BA e Híbrido
Estágio",ENGEPACK,https://engepack.gupy.io/jobs/11211738?jobBoardSource=gupy_public_page,2026-06-03T22:27:20.383137
d880b3de,"ESTÁGIO - Logística
Simões Filho - BA
Estágio",ENGEPACK,https://engepack.gupy.io/jobs/11211767?jobBoardSource=gupy_public_page,2026-06-03T22:27:20.383137
400b0be9,"ESTÁGIO - Manutenção
Simões Filho - BA
Estágio",ENGEPACK,https://engepack.gupy.io/jobs/11264118?jobBoardSource=gupy_public_page,2026-06-03T22:27:20.383137
a317916a,"AMBEV I Técnico (a) de Segurança do Trabalho - Cervejaria da Bahia (Filial Camaçari)
Camaçari - BA
Efetivo",AMBEV,https://ambev.gupy.io/jobs/11234280?jobBoardSource=gupy_public_page,2026-06-03T22:27:20.383137
add24c1e,"Ambev | Operador (a) de Envase (Filial Camaçari)
Camaçari - BA
Efetivo",AMBEV,https://ambev.gupy.io/jobs/11233860?jobBoardSource=gupy_public_page,2026-06-03T22:27:20.383137
5aea3c88,"Ambev | Operador(a) de Processo de Cerveja (Camaçari)
Camaçari - BA
Efetivo",AMBEV,https://ambev.gupy.io/jobs/11234211?jobBoardSource=gupy_public_page,2026-06-03T22:27:20.383137
4db6d23f,"AMBEV | Técnico (a) em Elétrica (F. Camaçari)
Camaçari - BA
Efetivo",AMBEV,https://ambev.gupy.io/jobs/11254279?jobBoardSource=gupy_public_page,2026-06-03T22:27:20.383137
25e37a0e,"Aprendiz (CDD SALVADOR)
Salvador - BA
Aprendiz",AMBEV,https://ambev.gupy.io/jobs/11167394?jobBoardSource=gupy_public_page,2026-06-03T22:27:20.383137
55d74bee,"Aprendiz - Processo Cerveja (Cervejaria da Bahia)
Camaçari - BA
Aprendiz",AMBEV,https://ambev.gupy.io/jobs/11112117?jobBoardSource=gupy_public_page,2026-06-03T22:27:20.383137
d6a9a84a,"Conferente de Armazém - Turno C (CDD Salvador/BA)
Salvador - BA
Efetivo",AMBEV,https://ambev.gupy.io/jobs/11397833?jobBoardSource=gupy_public_page,2026-06-03T22:27:20.383137
987f957f,"Logística - Conferente de Armazém (Geo NE - Alagoas, Sergipe, Pernambuco, Paraíba e Bahia)
Olinda - PE
Banco de talentos",AMBEV,https://ambev.gupy.io/jobs/10944875?jobBoardSource=gupy_public_page,2026-06-03T22:27:20.383137
4b752ec7,"Promotor/Promotora de Vendas (Salvador/BA)
Salvador - BA
Efetivo",AMBEV,https://ambev.gupy.io/jobs/11286215?jobBoardSource=gupy_public_page,2026-06-03T22:27:20.383137
294321de,"Representante de Contas (Bahia, Pernambuco,Alagoas e Paraíba)
Salvador - BA
Banco de talentos",AMBEV,https://ambev.gupy.io/jobs/10847273?jobBoardSource=gupy_public_page,2026-06-03T22:27:20.383137
64a7d7a2,"[Vaga afirmativa para PCD] Promotor/Promotora de Vendas (Salvador/BA)
Salvador - BA
Efetivo",AMBEV,https://ambev.gupy.io/jobs/11320677?jobBoardSource=gupy_public_page,2026-06-03T22:27:20.383137
073d5a87,"[Vaga Afirmativa PCD] Conferente de Armazém - Turno C (CDD Feira de Santana/BA)
Feira de Santana - BA
Banco de talentos",AMBEV,https://ambev.gupy.io/jobs/11048814?jobBoardSource=gupy_public_page,2026-06-03T22:27:20.383137
b88a264e,"VAGA AFIRMATIVA PCD - Conferente de Armazém - Turno C (CDD SALVADOR)
Salvador - BA
Banco de talentos",AMBEV,https://ambev.gupy.io/jobs/11167345?jobBoardSource=gupy_public_page,2026-06-03T22:27:20.383137
0955bb2d,"[Vaga Afirmativa PCD] Vendedor(a) Externo - Representante de Vendas (Feira de Santana/BA)
Feira de Santana - BA
Banco de talentos",AMBEV,https://ambev.gupy.io/jobs/11048802?jobBoardSource=gupy_public_page,2026-06-03T22:27:20.383137
416c17cf,"Vendedor(a) Externo - Representante de Vendas (Camaçari/BA)
Camaçari - BA
Efetivo",AMBEV,https://ambev.gupy.io/jobs/11106611?jobBoardSource=gupy_public_page,2026-06-03T22:27:20.383137
39818851,"Vendedor(a) Externo - Representante de Vendas (CDD Camaçari/BA)
Camaçari - BA
Efetivo",AMBEV,https://ambev.gupy.io/jobs/11288991?jobBoardSource=gupy_public_page,2026-06-03T22:27:20.383137
d2e993c3,"Vendedor(a) Externo - Representante de Vendas (CDD Salvador/BA)
Salvador - BA
Efetivo",AMBEV,https://ambev.gupy.io/jobs/11397839?jobBoardSource=gupy_public_page,2026-06-03T22:27:20.383137
63639094,"Vendedor(a) Externo Sênior - Representante de Vendas (CDD Salvador/BA)
Salvador - BA
Efetivo",AMBEV,https://ambev.gupy.io/jobs/11397765?jobBoardSource=gupy_public_page,2026-06-03T22:27:20.383137
c7389d7c,"Pessoa Consultora de Vendas Digital - Salvador Shopping | Salvador/BA
Salvador - BA
Efetivo",GRUPO BOTICÁRIO,https://grupoboticario.gupy.io/jobs/11371390?jobBoardSource=gupy_public_page,2026-06-03T22:27:20.383137
fa6c1cb6,"Pessoa Consultora de Vendas - Quem disse, Berenice? | Salvador/BA
Salvador - BA
Efetivo",GRUPO BOTICÁRIO,https://grupoboticario.gupy.io/jobs/11411903?jobBoardSource=gupy_public_page,2026-06-03T22:27:20.383137
bd3e99cb,"Pessoa Coordenadora de Campo - Salvador /BA
Salvador - BA
Efetivo",GRUPO BOTICÁRIO,https://grupoboticario.gupy.io/jobs/11381777?jobBoardSource=gupy_public_page,2026-06-03T22:27:20.383137
92878414,"Pessoa Técnica Segurança do Trabalho III - Camaçari/BA
Camaçari - BA
Efetivo",GRUPO BOTICÁRIO,https://grupoboticario.gupy.io/jobs/11393006?jobBoardSource=gupy_public_page,2026-06-03T22:27:20.383137
78756f15,"Gerente de Negócios Top Business - Feira de Santana/BA
Feira de Santana - BA
Efetivo",ITAÚ UNIBANCO,https://vemproitau.gupy.io/jobs/11335583?jobBoardSource=gupy_public_page,2026-06-03T22:27:20.383137
2fb10f66,"Banco de talentos #vocênakempetro
Salvador - BA e Híbrido
Banco de talentos",KEMPETRO,https://vocenakempetro.gupy.io/jobs/6505735?jobBoardSource=gupy_public_page,2026-06-03T22:27:20.383137
812e57cc,"Aprendiz T.I - Infraestrutura | Salvador
Salvador - BA
Aprendiz",WILSON SONS,https://wilsonsons.gupy.io/jobs/11383031?jobBoardSource=gupy_public_page,2026-06-03T22:27:20.383137
83ecf58b,"Assistente de Suporte de TI SR | Salvador
Salvador - BA
Efetivo",WILSON SONS,https://wilsonsons.gupy.io/jobs/11384800?jobBoardSource=gupy_public_page,2026-06-03T22:27:20.383137
0350af13,"Banco de Talentos | Auxiliar de Operações Pátio | Salvador
Salvador - BA
Banco de talentos",WILSON SONS,https://wilsonsons.gupy.io/jobs/11238568?jobBoardSource=gupy_public_page,2026-06-03T22:27:20.383137
c16b3b8e,"Banco de Talentos | Auxiliar de Operações Terminal | Salvador
Salvador - BA
Banco de talentos",WILSON SONS,https://wilsonsons.gupy.io/jobs/10735628?jobBoardSource=gupy_public_page,2026-06-03T22:27:20.383137
29ba7603,"[Banco de Talentos] Eletricista I
Salvador - BA
Banco de talentos",WILSON SONS,https://wilsonsons.gupy.io/jobs/11005007?jobBoardSource=gupy_public_page,2026-06-03T22:27:20.383137
895883dc,"[Banco de Talentos] Mecânico de Manutenção I - Salvador
Salvador - BA
Banco de talentos",WILSON SONS,https://wilsonsons.gupy.io/jobs/10723253?jobBoardSource=gupy_public_page,2026-06-03T22:27:20.383137
35f66c42,"Banco de Talentos | Operador (a) de Trator de Pátio | Salvador
Salvador - BA
Banco de talentos",WILSON SONS,https://wilsonsons.gupy.io/jobs/8975642?jobBoardSource=gupy_public_page,2026-06-03T22:27:20.383137
6d18742a,"Coordenador de Manutenção Portuária | Tecon Salvador
Salvador - BA
Efetivo",WILSON SONS,https://wilsonsons.gupy.io/jobs/11356159?jobBoardSource=gupy_public_page,2026-06-03T22:27:20.383137
fd4318e3,"Especialista de Planejamento e Custos | Salvador
Salvador - BA
Efetivo",WILSON SONS,https://wilsonsons.gupy.io/jobs/11376030?jobBoardSource=gupy_public_page,2026-06-03T22:27:20.383137
76b06fca,"Coordenador de Teardown & Benchmarking
Camaçari - BA
Efetivo",GLOBAL GROUP,https://globalgroup.gupy.io/jobs/11249217?jobBoardSource=gupy_public_page,2026-06-03T22:27:20.383137
b398b3d8,"Analista Júnior | Tributos Federais - Fiscal
Camaçari - BA
Efetivo",CETREL,https://cetrel.gupy.io/jobs/11426967?jobBoardSource=gupy_public_page,2026-06-03T22:27:20.383137
ca42b948,"Programa de Estágio | Nível Técnico - Incineração
Salvador - BA
Efetivo",CETREL,https://cetrel.gupy.io/jobs/11262055?jobBoardSource=gupy_public_page,2026-06-03T22:27:20.383137
e098f7c6,"Técnico em Segurança do Trabalho II – Higiene Ocupacional (HO) - QSSMA
Camaçari - BA
Efetivo",CETREL,https://cetrel.gupy.io/jobs/11294770?jobBoardSource=gupy_public_page,2026-06-03T22:27:20.383137
b41b13b7,"Técnico I - Laboratório
Camaçari - BA
Efetivo",CETREL,https://cetrel.gupy.io/jobs/11355227?jobBoardSource=gupy_public_page,2026-06-03T22:27:20.383137
39cf4e40,"Ajudante Geral
Camaçari - BA
Efetivo",MOHAWK,https://mohawk.gupy.io/jobs/10413147?jobBoardSource=gupy_public_page,2026-06-03T22:27:20.383137
4c6ce45b,"Banco de Talentos Exclusivo para Pessoas com Deficiência (PCD) - Bahia
Camaçari - BA
Banco de talentos",MOHAWK,https://mohawk.gupy.io/jobs/11241368?jobBoardSource=gupy_public_page,2026-06-03T22:27:20.383137
1b4abbb6,"Mecânico
Camaçari - BA
Efetivo",MOHAWK,https://mohawk.gupy.io/jobs/11352534?jobBoardSource=gupy_public_page,2026-06-03T22:27:20.383137
056e1d32,"Operador Industrial II
Camaçari - BA
Efetivo",MOHAWK,https://mohawk.gupy.io/jobs/11241404?jobBoardSource=gupy_public_page,2026-06-03T22:27:20.383137
92ff9c62,"Analista Qualidade Pleno
Simões Filho - BA
Efetivo",YPÊ,https://carreirasype.gupy.io/jobs/11353591?jobBoardSource=gupy_public_page,2026-06-03T22:27:20.383137
20e34e7a,"Auxiliar Operações - Segundo Turno
Simões Filho - BA
Efetivo",YPÊ,https://carreirasype.gupy.io/jobs/11264713?jobBoardSource=gupy_public_page,2026-06-03T22:27:20.383137
32ae5732,"Banco de Talentos - Aprendiz - Simões Filho/BA
Simões Filho - BA
Banco de talentos",YPÊ,https://carreirasype.gupy.io/jobs/6688462?jobBoardSource=gupy_public_page,2026-06-03T22:27:20.383137
2cbe3e0c,"Manutentor(a) Mecânico(a) Júnior
Simões Filho - BA
Efetivo",YPÊ,https://carreirasype.gupy.io/jobs/11369284?jobBoardSource=gupy_public_page,2026-06-03T22:27:20.383137
167de084,"[ BANCO DE TALENTOS - CONSULTOR DE VENDAS - BAHIA]
Salvador - BA
Banco de talentos",3CORAÇÕES,https://3coracoes.gupy.io/jobs/11157539?jobBoardSource=gupy_public_page,2026-06-03T22:27:20.383137
e0c4d7cc,"[BANCO DE TALENTOS] - Feira de Empregabilidade FIEC
Eusébio - CE
Banco de talentos",3CORAÇÕES,https://3coracoes.gupy.io/jobs/10952095?jobBoardSource=gupy_public_page,2026-06-03T22:27:20.383137
3a56fde4,"[BANCO DE TALENTOS - FEIRA DE EMPREGABILIDADE UNIFAMETRO]
Eusébio - CE
Banco de talentos",3CORAÇÕES,https://3coracoes.gupy.io/jobs/11105283?jobBoardSource=gupy_public_page,2026-06-03T22:27:20.383137
16d3f38d,"[ BANCO DE TALENTOS - PROMOTOR DE VENDAS - BAHIA]
Salvador - BA
Banco de talentos",3CORAÇÕES,https://3coracoes.gupy.io/jobs/11157630?jobBoardSource=gupy_public_page,2026-06-03T22:27:20.383137
ec5fd99b,"FEIRAO DE EMPREGOS - JABOATÃO DOS GUARARAPES (Banco de Talentos)
Jaboatão dos Guararapes - PE
Banco de talentos",3CORAÇÕES,https://3coracoes.gupy.io/jobs/10085834?jobBoardSource=gupy_public_page,2026-06-03T22:27:20.383137
d370b6b7,"SUPERVISOR DE ASSISTENCIA TECNICA
Salvador - BA
Efetivo",3CORAÇÕES,https://3coracoes.gupy.io/jobs/11120651?jobBoardSource=gupy_public_page,2026-06-03T22:27:20.383137
35628c0f,"PESSOA AUXILIAR DE LOGÍSTICA - FEIRA DE SANTANA/BA
Feira de Santana - BA
Efetivo",ALVOAR LÁCTEOS,https://alvoarlacteos.gupy.io/jobs/11320818?jobBoardSource=gupy_public_page,2026-06-03T22:27:20.383137
4c790535,"Almoxarife de Obra - Camaçari | BA
Camaçari - BA
Efetivo",MRV&CO,https://vagas-mrveco.gupy.io/jobs/11355955?jobBoardSource=gupy_public_page,2026-06-03T22:27:20.383137
6735146c,"ASSISTENTE CREDITO IMOBILIARIO PCD | SALVADOR
Salvador - BA
Efetivo",MRV&CO,https://vagas-mrveco.gupy.io/jobs/11344142?jobBoardSource=gupy_public_page,2026-06-03T22:27:20.383137
777aa4a7,"Auxiliar de Engenharia - Salvador | BA
Salvador - BA
Efetivo",MRV&CO,https://vagas-mrveco.gupy.io/jobs/11263678?jobBoardSource=gupy_public_page,2026-06-03T22:27:20.383137
afb7d005,"Auxiliar de Engenharia - Salvador | BA
Salvador - BA
Efetivo",MRV&CO,https://vagas-mrveco.gupy.io/jobs/11358218?jobBoardSource=gupy_public_page,2026-06-03T22:27:20.383137
66bcdeb0,"Banco de Talentos PCD | Obras na Bahia
Camaçari - BA
Banco de talentos",MRV&CO,https://vagas-mrveco.gupy.io/jobs/9952622?jobBoardSource=gupy_public_page,2026-06-03T22:27:20.383137
8d36df6d,"CONSULTOR PLANEJAMENTO E CONTROLE | SALVADOR-BA
Salvador - BA
Efetivo",MRV&CO,https://vagas-mrveco.gupy.io/jobs/11334287?jobBoardSource=gupy_public_page,2026-06-03T22:27:20.383137
f7a96c4f,"Coordenador(a) de Recursos Críticos | Nordeste
Salvador - BA
Efetivo",MRV&CO,https://vagas-mrveco.gupy.io/jobs/11157103?jobBoardSource=gupy_public_page,2026-06-03T22:27:20.383137
52e89d86,"Encarregado de Instalações | Salvador-Ba
Salvador - BA
Efetivo",MRV&CO,https://vagas-mrveco.gupy.io/jobs/11105177?jobBoardSource=gupy_public_page,2026-06-03T22:27:20.383137
52dfc203,"GERENTE DE VENDAS | Salvador
Salvador - BA
Efetivo",MRV&CO,https://vagas-mrveco.gupy.io/jobs/11202480?jobBoardSource=gupy_public_page,2026-06-03T22:27:20.383137
08cd0fe8,"Jovem Aprendiz Administrativo - Salvador 1
Salvador - BA
Aprendiz",MRV&CO,https://vagas-mrveco.gupy.io/jobs/11283354?jobBoardSource=gupy_public_page,2026-06-03T22:27:20.383137
76d66a91,"Jovem Aprendiz Administrativo - Salvador 2
Salvador - BA
Aprendiz",MRV&CO,https://vagas-mrveco.gupy.io/jobs/11283420?jobBoardSource=gupy_public_page,2026-06-03T22:27:20.383137
4ffe6284,"Jovem Aprendiz - Assistente de Logistica | Salvador - BA
Salvador - BA
Aprendiz",MRV&CO,https://vagas-mrveco.gupy.io/jobs/11420915?jobBoardSource=gupy_public_page,2026-06-03T22:27:20.383137
fa58fa9f,"Jovem Aprendiz - Auxiliar de Edificações | Salvador - BA
Salvador - BA
Aprendiz",MRV&CO,https://vagas-mrveco.gupy.io/jobs/11419210?jobBoardSource=gupy_public_page,2026-06-03T22:27:20.383137
9e2ef76b,"SUPERVISOR IMOB -BOTUCATU
Botucatu - SP
Efetivo",MRV&CO,https://vagas-mrveco.gupy.io/jobs/11008660?jobBoardSource=gupy_public_page,2026-06-03T22:27:20.383137
2b344130,"Técnico de Segurança do Trabalho - Salvador
Salvador - BA
Efetivo",MRV&CO,https://vagas-mrveco.gupy.io/jobs/11206976?jobBoardSource=gupy_public_page,2026-06-03T22:27:20.383137
b39139fd,"Motorista Carreteiro
Simões Filho - BA
Efetivo",BAUMINAS,https://grupobauminas.gupy.io/jobs/11236265?jobBoardSource=gupy_public_page,2026-06-03T22:27:20.383137
3085bf97,"Operador de Produção
Simões Filho - BA
Efetivo",BAUMINAS,https://grupobauminas.gupy.io/jobs/11137521?jobBoardSource=gupy_public_page,2026-06-03T22:27:20.383137
def1d76b,Aprendiz Auxiliar Producao,BRIDGESTONE,https://bridgestone.wd5.myworkdayjobs.com/pt-BR/LATAMExternalCareers/job/Baha-Brazil/Aprendiz-Auxiliar-Producao_2026_13030?q=Bahia,2026-06-03T22:27:20.383137
f1b3fa08,Analista de Qualidade de Fornecedores Sênior,ACELEN,https://acelen.jobs.recrut.ai/job/7TD59V,2026-06-03T22:27:20.383137
8f45d603,ENGENHEIRO(A) DE AUTOMAÇÃO,ACELEN,https://acelen.jobs.recrut.ai/job/9HJK0G,2026-06-03T22:27:20.383137
d6e5f3d9,ENGENHEIRO(A) DE PLANEJAMENTO PL,ACELEN,https://acelen.jobs.recrut.ai/job/PECQNL,2026-06-03T22:27:20.383137
07e9d013,ENGENHEIRO(A) DE PLANEJAMENTO PL (PORTFÓLIO),ACELEN,https://acelen.jobs.recrut.ai/job/V121Y8,2026-06-03T22:27:20.383137
92c92d85,ENGENHEIRO(A) DE PLANEJAMENTO PL (PRAZO),ACELEN,https://acelen.jobs.recrut.ai/job/RIR7BH,2026-06-03T22:27:20.383137
f8b6833f,ENGENHEIRO(A) DE PLANEJAMENTO PL (QUALIDADE),ACELEN,https://acelen.jobs.recrut.ai/job/L88Q9F,2026-06-03T22:27:20.383137
fed8a8d4,ENGENHEIRO(A) DE PLANEJAMENTO PL (SISTEMATICA),ACELEN,https://acelen.jobs.recrut.ai/job/TTZWIW,2026-06-03T22:27:20.383137
fa3f093e,ESPECIALISTA DE PROJETOS,ACELEN,https://acelen.jobs.recrut.ai/job/AXDPUE,2026-06-03T22:27:20.383137
038e7eb3,ESPECIALISTA PMO,ACELEN,https://acelen.jobs.recrut.ai/job/000IC2,2026-06-03T22:27:20.383137
bd46fe6b,TÉCNICO(A) DE INSPEÇÃO III,ACELEN,https://acelen.jobs.recrut.ai/job/1QJTD7,2026-06-03T22:27:20.383137
34f0d36e,TÉCNICO DE MANUTENÇÃO I,ACELEN,https://acelen.jobs.recrut.ai/job/91X3TA,2026-06-03T22:27:20.383137
af3be151,Técnico de PCM (Planejamento e Controle de Manutenção),MDC ENERGIA,https://mdcnossostalentos.jobs.recrut.ai/job/LQHTV0,2026-06-03T22:27:20.383137
bc997cee,Coordenador(a) de Operação Agrícola | Vaga Afirmativa pra Mulheres,ACELEN RENOVÁVEIS,https://acelen.jobs.recrut.ai/acelenrenewables/job/IDYFEP,2026-06-03T22:27:20.383137
a3914983,Líder de Campo,ACELEN RENOVÁVEIS,https://acelen.jobs.recrut.ai/acelenrenewables/job/V0ZBSU,2026-06-03T22:27:20.383137
